images,masks
3.jpg,3_mask.jpg
4.jpg,4_mask.jpg
5.jpg,5_mask.jpg
6.jpg,6_mask.jpg
7.jpg,7_mask.jpg
8.jpg,8_mask.jpg
10.jpg,10_mask.jpg
11.jpg,11_mask.jpg
12.jpg,12_mask.jpg
13.jpg,13_mask.jpg
14.jpg,14_mask.jpg
15.jpg,15_mask.jpg
16.jpg,16_mask.jpg
17.jpg,17_mask.jpg
18.jpg,18_mask.jpg
19.jpg,19_mask.jpg
20.jpg,20_mask.jpg
21.jpg,21_mask.jpg
22.jpg,22_mask.jpg
23.jpg,23_mask.jpg
24.jpg,24_mask.jpg
25.jpg,25_mask.jpg
26.jpg,26_mask.jpg
27.jpg,27_mask.jpg
28.jpg,28_mask.jpg
29.jpg,29_mask.jpg
30.jpg,30_mask.jpg
31.jpg,31_mask.jpg
33.jpg,33_mask.jpg
34.jpg,34_mask.jpg
35.jpg,35_mask.jpg
36.jpg,36_mask.jpg
37.jpg,37_mask.jpg
38.jpg,38_mask.jpg
39.jpg,39_mask.jpg
40.jpg,40_mask.jpg
41.jpg,41_mask.jpg
42.jpg,42_mask.jpg
43.jpg,43_mask.jpg
44.jpg,44_mask.jpg
45.jpg,45_mask.jpg
46.jpg,46_mask.jpg
47.jpg,47_mask.jpg
48.jpg,48_mask.jpg
49.jpg,49_mask.jpg
50.jpg,50_mask.jpg
51.jpg,51_mask.jpg
52.jpg,52_mask.jpg
53.jpg,53_mask.jpg
54.jpg,54_mask.jpg
55.jpg,55_mask.jpg
56.jpg,56_mask.jpg
57.jpg,57_mask.jpg
58.jpg,58_mask.jpg
59.jpg,59_mask.jpg
60.jpg,60_mask.jpg
61.jpg,61_mask.jpg
62.jpg,62_mask.jpg
63.jpg,63_mask.jpg
65.jpg,65_mask.jpg
67.jpg,67_mask.jpg
68.jpg,68_mask.jpg
69.jpg,69_mask.jpg
70.jpg,70_mask.jpg
71.jpg,71_mask.jpg
73.jpg,73_mask.jpg
75.jpg,75_mask.jpg
76.jpg,76_mask.jpg
77.jpg,77_mask.jpg
78.jpg,78_mask.jpg
79.jpg,79_mask.jpg
80.jpg,80_mask.jpg
81.jpg,81_mask.jpg
82.jpg,82_mask.jpg
83.jpg,83_mask.jpg
84.jpg,84_mask.jpg
85.jpg,85_mask.jpg
87.jpg,87_mask.jpg
88.jpg,88_mask.jpg
89.jpg,89_mask.jpg
90.jpg,90_mask.jpg
91.jpg,91_mask.jpg
92.jpg,92_mask.jpg
93.jpg,93_mask.jpg
94.jpg,94_mask.jpg
95.jpg,95_mask.jpg
96.jpg,96_mask.jpg
97.jpg,97_mask.jpg
98.jpg,98_mask.jpg
99.jpg,99_mask.jpg
100.jpg,100_mask.jpg
101.jpg,101_mask.jpg
102.jpg,102_mask.jpg
103.jpg,103_mask.jpg
104.jpg,104_mask.jpg
105.jpg,105_mask.jpg
106.jpg,106_mask.jpg
107.jpg,107_mask.jpg
108.jpg,108_mask.jpg
109.jpg,109_mask.jpg
110.jpg,110_mask.jpg
111.jpg,111_mask.jpg
112.jpg,112_mask.jpg
113.jpg,113_mask.jpg
114.jpg,114_mask.jpg
115.jpg,115_mask.jpg
116.jpg,116_mask.jpg
117.jpg,117_mask.jpg
118.jpg,118_mask.jpg
119.jpg,119_mask.jpg
120.jpg,120_mask.jpg
121.jpg,121_mask.jpg
122.jpg,122_mask.jpg
123.jpg,123_mask.jpg
124.jpg,124_mask.jpg
125.jpg,125_mask.jpg
126.jpg,126_mask.jpg
127.jpg,127_mask.jpg
128.jpg,128_mask.jpg
129.jpg,129_mask.jpg
130.jpg,130_mask.jpg
131.jpg,131_mask.jpg
132.jpg,132_mask.jpg
133.jpg,133_mask.jpg
134.jpg,134_mask.jpg
135.jpg,135_mask.jpg
136.jpg,136_mask.jpg
137.jpg,137_mask.jpg
138.jpg,138_mask.jpg
139.jpg,139_mask.jpg
140.jpg,140_mask.jpg
141.jpg,141_mask.jpg
142.jpg,142_mask.jpg
143.jpg,143_mask.jpg
144.jpg,144_mask.jpg
145.jpg,145_mask.jpg
146.jpg,146_mask.jpg
147.jpg,147_mask.jpg
148.jpg,148_mask.jpg
149.jpg,149_mask.jpg
152.jpg,152_mask.jpg
153.jpg,153_mask.jpg
154.jpg,154_mask.jpg
155.jpg,155_mask.jpg
156.jpg,156_mask.jpg
157.jpg,157_mask.jpg
158.jpg,158_mask.jpg
159.jpg,159_mask.jpg
160.jpg,160_mask.jpg
161.jpg,161_mask.jpg
162.jpg,162_mask.jpg
163.jpg,163_mask.jpg
164.jpg,164_mask.jpg
166.jpg,166_mask.jpg
167.jpg,167_mask.jpg
168.jpg,168_mask.jpg
169.jpg,169_mask.jpg
170.jpg,170_mask.jpg
171.jpg,171_mask.jpg
172.jpg,172_mask.jpg
173.jpg,173_mask.jpg
174.jpg,174_mask.jpg
175.jpg,175_mask.jpg
177.jpg,177_mask.jpg
178.jpg,178_mask.jpg
179.jpg,179_mask.jpg
180.jpg,180_mask.jpg
181.jpg,181_mask.jpg
182.jpg,182_mask.jpg
183.jpg,183_mask.jpg
184.jpg,184_mask.jpg
185.jpg,185_mask.jpg
186.jpg,186_mask.jpg
187.jpg,187_mask.jpg
188.jpg,188_mask.jpg
189.jpg,189_mask.jpg
190.jpg,190_mask.jpg
191.jpg,191_mask.jpg
192.jpg,192_mask.jpg
193.jpg,193_mask.jpg
194.jpg,194_mask.jpg
195.jpg,195_mask.jpg
196.jpg,196_mask.jpg
197.jpg,197_mask.jpg
198.jpg,198_mask.jpg
199.jpg,199_mask.jpg
200.jpg,200_mask.jpg
201.jpg,201_mask.jpg
202.jpg,202_mask.jpg
203.jpg,203_mask.jpg
204.jpg,204_mask.jpg
205.jpg,205_mask.jpg
206.jpg,206_mask.jpg
207.jpg,207_mask.jpg
208.jpg,208_mask.jpg
209.jpg,209_mask.jpg
210.jpg,210_mask.jpg
211.jpg,211_mask.jpg
212.jpg,212_mask.jpg
213.jpg,213_mask.jpg
216.jpg,216_mask.jpg
217.jpg,217_mask.jpg
219.jpg,219_mask.jpg
221.jpg,221_mask.jpg
222.jpg,222_mask.jpg
223.jpg,223_mask.jpg
224.jpg,224_mask.jpg
